machine_type,baseRate,season,booking_time,duration_hours,discount,gst,demand_index,available,finalPrice
Harvester,3899.63,Growing,Afternoon,2,2.75,18.0,1.28,True,1431.64
Plough,1483.75,Harvest,Morning,4,0.87,18.0,1.37,True,1849.45
Harvester,4166.46,Off-Season,Afternoon,3,0.85,18.0,1.22,False,1787.11
Plough,1350.23,Harvest,Night,5,2.75,18.0,0.8,True,911.23
Harvester,3945.56,Harvest,Afternoon,2,7.87,18.0,0.9,True,1254.42
Harvester,4379.0,Planting,Morning,4,6.84,18.0,1.29,True,4083.09
Harvester,4011.39,Growing,Evening,5,7.0,18.0,1.36,True,4302.79
Drone,4455.45,Growing,Morning,3,14.23,18.0,1.47,True,2973.92
Plough,1441.38,Planting,Afternoon,2,3.46,18.0,0.74,True,334.6
Plough,1533.0,Off-Season,Afternoon,5,0.52,18.0,1.41,True,1268.11
Harvester,4130.02,Planting,Morning,3,6.38,18.0,0.71,True,1598.89
Harvester,3625.05,Off-Season,Morning,3,11.63,18.0,1.44,True,1958.98
Drone,4588.11,Harvest,Afternoon,5,4.9,18.0,1.07,True,4478.08
Harvester,4368.94,Planting,Night,2,5.83,18.0,0.77,True,926.82
Harvester,3885.4,Harvest,Night,5,9.11,18.0,0.78,True,2364.74
Tractor,1866.11,Harvest,Afternoon,2,14.8,18.0,1.27,True,775.7
Tractor,1802.21,Harvest,Evening,4,2.98,18.0,1.21,True,1868.16
Harvester,4084.77,Off-Season,Night,3,5.38,18.0,0.62,True,758.4
Tractor,2049.32,Harvest,Morning,3,1.43,18.0,0.87,True,1214.27
Tractor,2066.37,Growing,Morning,5,9.56,18.0,1.39,True,2294.24
Tractor,1847.84,Off-Season,Evening,3,12.73,18.0,1.22,True,802.02
Tractor,1902.43,Planting,Afternoon,4,7.84,18.0,0.93,True,1055.42
Plough,1382.37,Growing,Evening,4,13.44,18.0,0.98,True,791.91
Drone,4675.96,Off-Season,Morning,2,3.74,18.0,0.91,True,1160.48
Plough,1418.64,Planting,Evening,5,8.98,18.0,1.19,True,1439.25
Tractor,2049.74,Off-Season,Evening,3,9.5,18.0,1.37,True,1035.68
Plough,1405.97,Off-Season,Morning,3,13.25,18.0,0.82,True,427.11
Harvester,3885.04,Planting,Morning,3,1.65,18.0,0.73,True,1624.6
Plough,1595.4,Planting,Afternoon,2,4.57,18.0,0.66,True,328.37
Tractor,1993.93,Harvest,Evening,2,1.8,18.0,0.84,False,723.33
Plough,1446.96,Harvest,Evening,5,8.37,18.0,0.9,True,1321.24
Tractor,1901.57,Planting,Afternoon,5,3.78,18.0,1.0,True,1480.3
Harvester,3827.87,Harvest,Afternoon,2,4.0,18.0,1.48,True,2080.91
Drone,4079.75,Off-Season,Night,5,13.62,18.0,0.74,True,1383.87
Harvester,3991.56,Off-Season,Night,5,8.29,18.0,1.09,True,2123.92
Harvester,3895.72,Off-Season,Afternoon,2,10.92,18.0,0.87,True,710.68
Plough,1540.06,Harvest,Afternoon,4,12.25,18.0,1.3,True,1345.82
Tractor,2003.28,Harvest,Night,5,0.61,18.0,1.09,True,1874.16
Harvester,3613.27,Off-Season,Afternoon,4,12.14,18.0,0.85,True,1271.62
Drone,4896.47,Harvest,Evening,5,5.8,18.0,1.44,True,7306.47
Drone,4356.96,Harvest,Afternoon,2,3.14,18.0,1.04,True,1685.58
Plough,1418.57,Growing,Evening,5,12.26,18.0,1.06,True,1113.91
Drone,4267.67,Off-Season,Night,5,14.48,18.0,1.06,True,2050.94
Tractor,1875.48,Harvest,Night,2,5.24,18.0,1.23,True,752.02
Tractor,2154.83,Growing,Evening,5,13.32,18.0,1.35,False,2140.14
Plough,1585.6,Off-Season,Night,5,9.1,18.0,0.51,True,389.72
Plough,1549.05,Off-Season,Morning,2,4.26,18.0,0.81,True,338.26
Harvester,3958.74,Growing,Evening,2,3.36,18.0,1.21,True,1573.19
Drone,4342.86,Harvest,Afternoon,5,5.5,18.0,1.24,True,4895.61
Tractor,1923.22,Planting,Morning,5,1.41,18.0,0.87,True,1601.76
Drone,4269.59,Harvest,Morning,3,14.68,18.0,0.99,False,2481.2
Tractor,1973.76,Harvest,Afternoon,2,7.54,18.0,1.08,True,753.69
Plough,1408.57,Harvest,Morning,2,7.49,18.0,1.07,True,642.87
Drone,4089.24,Harvest,Evening,5,14.11,18.0,1.45,False,5630.51
Tractor,1948.06,Off-Season,Morning,2,14.3,18.0,0.83,True,392.8
Harvester,4057.83,Off-Season,Evening,5,12.8,18.0,0.79,True,1907.44
Plough,1605.34,Planting,Night,5,7.28,18.0,0.87,True,948.42
Harvester,4275.37,Growing,Evening,4,8.55,18.0,0.6,True,1584.18
Drone,4941.05,Growing,Evening,3,3.81,18.0,0.8,True,1923.42
Plough,1604.6,Harvest,Night,2,10.54,18.0,0.86,True,425.85
Drone,4778.43,Harvest,Night,4,3.84,18.0,1.11,True,3525.48
Harvester,3604.15,Off-Season,Morning,5,11.97,18.0,1.15,True,2583.03
Drone,4766.21,Growing,Night,5,13.3,18.0,0.53,True,1447.17
Tractor,1975.39,Off-Season,Evening,4,0.54,18.0,0.97,True,1029.77
Tractor,1914.62,Off-Season,Afternoon,3,12.91,18.0,0.75,True,442.87
Harvester,3842.61,Harvest,Afternoon,4,1.91,18.0,1.02,True,2955.42
Tractor,1886.33,Planting,Afternoon,2,6.86,18.0,1.34,True,765.13
Plough,1473.41,Off-Season,Night,4,9.56,18.0,1.23,False,694.04
Tractor,2006.52,Planting,Morning,3,0.62,18.0,0.9,True,1046.94
Tractor,2097.62,Off-Season,Afternoon,3,0.38,18.0,1.46,True,1081.97
Harvester,4156.78,Growing,Morning,2,0.87,18.0,1.42,True,2064.31
Tractor,1895.91,Off-Season,Evening,3,10.72,18.0,1.16,True,799.49
Harvester,4363.89,Growing,Afternoon,4,9.86,18.0,0.94,True,2171.62
Plough,1364.31,Off-Season,Morning,3,5.34,18.0,1.26,True,690.07
Harvester,3692.86,Planting,Afternoon,2,1.41,18.0,0.81,False,958.61
Plough,1402.6,Off-Season,Evening,5,1.47,18.0,0.99,True,929.84
Harvester,3738.56,Off-Season,Morning,3,9.75,18.0,0.55,False,785.56
Drone,4848.01,Off-Season,Afternoon,5,5.62,18.0,1.13,True,3039.37
Plough,1606.95,Off-Season,Morning,2,10.26,18.0,1.12,False,455.71
Harvester,4355.4,Growing,Evening,5,8.79,18.0,1.44,True,4852.64
Tractor,1955.27,Off-Season,Morning,5,1.93,18.0,1.31,True,1780.15
Plough,1537.78,Off-Season,Morning,2,14.42,18.0,1.41,True,523.79
Tractor,1827.74,Growing,Afternoon,4,5.66,18.0,0.54,True,548.31
Tractor,1934.62,Off-Season,Evening,3,4.78,18.0,1.34,True,1008.52
Plough,1594.34,Harvest,Night,2,7.44,18.0,1.19,True,607.59
Drone,4892.98,Off-Season,Evening,5,11.03,18.0,1.3,True,3850.27
Plough,1403.23,Off-Season,Morning,2,8.53,18.0,1.08,True,391.11
Plough,1388.31,Growing,Afternoon,2,11.65,18.0,0.84,False,304.25
Drone,4822.57,Planting,Morning,2,10.2,18.0,1.24,True,2090.99
Tractor,1951.09,Planting,Night,2,7.58,18.0,1.33,True,698.55
Plough,1618.66,Growing,Afternoon,2,0.8,18.0,1.46,True,690.87
Drone,4369.41,Off-Season,Morning,5,14.25,18.0,1.45,True,3848.01
Plough,1539.55,Growing,Night,2,1.38,18.0,1.1,True,444.43
Plough,1413.82,Growing,Morning,2,11.87,18.0,1.29,True,568.81
Plough,1498.33,Off-Season,Night,4,14.94,18.0,0.56,True,300.95
Plough,1513.77,Growing,Afternoon,4,1.76,18.0,0.64,True,564.19
Plough,1535.47,Off-Season,Evening,2,12.58,18.0,0.93,True,337.39
Tractor,1958.66,Planting,Evening,4,10.59,18.0,0.58,True,759.81
Harvester,4389.31,Off-Season,Afternoon,5,12.95,18.0,1.38,True,3111.89
Drone,4866.92,Growing,Afternoon,2,11.3,18.0,0.88,True,1115.91
Drone,4749.43,Growing,Evening,3,10.58,18.0,0.75,True,1618.18
Tractor,1973.78,Harvest,Afternoon,2,0.17,18.0,0.97,True,731.97
Plough,1385.65,Off-Season,Afternoon,2,12.34,18.0,1.24,True,356.66
Plough,1421.25,Planting,Morning,2,5.62,18.0,0.79,True,410.39
Drone,4251.24,Growing,Morning,3,12.03,18.0,1.48,True,2934.82
Drone,4340.42,Harvest,Evening,5,7.92,18.0,1.49,True,6579.16
Plough,1516.16,Off-Season,Evening,5,1.13,18.0,0.67,True,677.59
Drone,4315.04,Off-Season,Morning,2,9.41,18.0,1.08,False,1200.32
Plough,1363.63,Planting,Night,5,14.38,18.0,0.56,True,475.55
Plough,1382.03,Harvest,Afternoon,2,4.16,18.0,0.69,True,349.53
Drone,4368.02,Planting,Morning,3,3.99,18.0,0.86,True,2107.49
Drone,4457.92,Planting,Afternoon,4,8.04,18.0,0.81,True,2153.78
Drone,4666.26,Off-Season,Morning,2,2.0,18.0,0.58,False,746.23
Plough,1474.99,Growing,Afternoon,2,9.2,18.0,0.92,False,362.78
Plough,1609.82,Growing,Afternoon,2,2.47,18.0,0.91,True,422.05
Harvester,3984.3,Off-Season,Night,4,2.26,18.0,1.09,True,1810.07
Harvester,4375.93,Planting,Night,4,8.54,18.0,0.56,True,1317.38
Plough,1390.16,Growing,Evening,2,0.85,18.0,1.36,True,638.17
Plough,1649.92,Growing,Evening,3,13.7,18.0,1.09,True,786.3
Drone,4731.37,Off-Season,Morning,4,3.71,18.0,0.95,True,2452.8
Drone,4908.65,Harvest,Morning,2,3.11,18.0,1.38,True,3016.57
Tractor,1818.76,Harvest,Evening,4,1.7,18.0,1.17,True,1847.47
Plough,1581.7,Growing,Evening,4,4.62,18.0,1.32,False,1347.5
Tractor,1835.36,Planting,Evening,4,6.05,18.0,0.63,True,815.93
Plough,1576.54,Off-Season,Morning,2,9.59,18.0,1.31,False,526.79
Harvester,4093.81,Planting,Evening,3,5.26,18.0,1.09,True,2366.27
Drone,4443.73,Off-Season,Afternoon,4,10.9,18.0,1.05,True,1957.58
Plough,1623.14,Off-Season,Night,3,9.33,18.0,1.36,False,638.78
Harvester,3717.66,Growing,Night,5,12.63,18.0,1.27,True,2735.67
Plough,1363.76,Planting,Night,3,7.39,18.0,0.83,True,458.53
Harvester,3792.12,Planting,Evening,4,8.06,18.0,0.96,True,2498.38
Tractor,1960.12,Off-Season,Evening,5,9.61,18.0,0.68,True,819.68
Plough,1619.04,Off-Season,Evening,4,7.73,18.0,1.47,True,1194.54
Harvester,3779.08,Growing,Morning,2,2.53,18.0,0.78,True,1015.2
Harvester,3670.96,Growing,Evening,2,8.02,18.0,0.86,True,980.57
Drone,4165.87,Off-Season,Evening,3,10.36,18.0,0.54,True,819.92
Harvester,4102.32,Planting,Morning,4,7.67,18.0,0.66,True,1937.88
Harvester,3602.08,Growing,Afternoon,5,12.09,18.0,1.25,True,2915.03
Harvester,3767.48,Growing,Morning,4,13.86,18.0,0.74,True,1691.35
Harvester,4025.01,Off-Season,Afternoon,3,11.21,18.0,0.54,True,678.96
Tractor,2085.34,Growing,Morning,4,12.67,18.0,1.25,True,1611.27
Plough,1610.16,Off-Season,Morning,3,7.99,18.0,0.74,True,467.27
Harvester,3901.83,Planting,Morning,3,8.46,18.0,1.34,True,2797.07
Drone,4531.8,Off-Season,Evening,2,13.36,18.0,1.09,True,1165.37
Drone,4760.25,Harvest,Morning,2,7.19,18.0,1.08,True,2204.26
Plough,1517.32,Planting,Afternoon,5,6.47,18.0,0.63,True,722.49
Tractor,1945.23,Harvest,Night,3,9.11,18.0,0.74,True,681.32
Drone,4347.31,Off-Season,Afternoon,2,3.56,18.0,0.6,True,595.44
Plough,1423.79,Planting,Morning,5,12.76,18.0,0.59,True,710.85
Tractor,1822.26,Harvest,Evening,2,1.2,18.0,1.02,True,813.45
Plough,1644.71,Growing,Morning,4,13.45,18.0,1.08,False,1084.44
Drone,4054.77,Harvest,Morning,3,3.87,18.0,0.67,True,1805.18
Tractor,2171.75,Growing,Morning,4,8.03,18.0,0.98,True,1381.13
Tractor,1882.03,Off-Season,Afternoon,3,4.86,18.0,0.93,True,586.63
Drone,4268.17,Off-Season,Morning,4,10.61,18.0,1.27,True,2739.71
Tractor,2002.44,Harvest,Night,4,7.22,18.0,1.03,True,1324.32
Plough,1450.98,Off-Season,Evening,3,8.23,18.0,1.05,True,568.61
Plough,1555.37,Planting,Night,5,3.82,18.0,1.18,True,1290.48
Plough,1528.69,Harvest,Evening,5,9.09,18.0,1.29,True,1983.17
Tractor,2140.29,Growing,Evening,5,14.48,18.0,0.62,True,969.2
Harvester,4350.67,Off-Season,Afternoon,5,5.69,18.0,1.43,True,3453.26
Harvester,3638.48,Off-Season,Afternoon,2,2.1,18.0,1.3,True,1088.9
Drone,4197.29,Growing,Night,2,2.8,18.0,0.74,True,796.92
Drone,4867.08,Harvest,Afternoon,2,13.16,18.0,0.89,True,1446.59
Drone,4445.22,Growing,Afternoon,3,13.5,18.0,1.12,True,1912.73
Tractor,1975.5,Harvest,Night,2,3.48,18.0,1.4,True,921.05
Harvester,4034.84,Growing,Afternoon,5,3.44,18.0,1.04,True,2996.6
Tractor,1933.13,Growing,Night,4,5.02,18.0,0.64,True,623.24
Drone,4608.07,Growing,Afternoon,5,11.12,18.0,1.07,False,3241.43
Drone,4727.16,Planting,Evening,2,3.73,18.0,1.24,True,2112.6
Tractor,2027.96,Harvest,Morning,3,7.41,18.0,1.25,True,1626.22
Harvester,4029.19,Planting,Night,4,12.7,18.0,0.63,True,1289.26
Drone,4767.57,Off-Season,Night,2,7.3,18.0,0.91,True,853.29
Harvester,3609.76,Off-Season,Morning,4,10.41,18.0,1.04,True,1910.01
Drone,4361.13,Planting,Afternoon,4,14.39,18.0,0.84,True,2041.6
Plough,1477.08,Harvest,Evening,3,14.21,18.0,0.65,True,547.7
Tractor,2002.36,Planting,Evening,2,3.84,18.0,1.23,True,880.99
Drone,4141.99,Off-Season,Evening,5,10.45,18.0,1.42,True,3579.96
Harvester,3722.03,Harvest,Afternoon,5,5.62,18.0,0.57,True,1916.17
Tractor,1841.7,Planting,Morning,2,13.88,18.0,0.95,True,587.23
Plough,1645.45,Off-Season,Evening,3,2.79,18.0,1.34,True,870.9
Tractor,1924.58,Harvest,Afternoon,4,8.87,18.0,0.9,True,1209.36
Drone,4351.68,Growing,Morning,5,11.82,18.0,1.1,True,3748.39
Drone,4423.05,Off-Season,Evening,3,13.8,18.0,0.85,True,1313.68
Plough,1571.25,Growing,Morning,2,8.81,18.0,0.53,False,270.28
Drone,4273.4,Off-Season,Evening,2,7.48,18.0,0.92,False,986.1
Drone,4376.15,Growing,Night,4,4.16,18.0,0.72,True,1603.64
Tractor,2006.07,Growing,Morning,2,14.42,18.0,0.65,True,394.24
Harvester,3668.28,Planting,Night,2,2.77,18.0,0.8,True,832.92
Drone,4407.59,Harvest,Morning,4,3.15,18.0,1.4,True,5492.97
Plough,1407.21,Harvest,Morning,2,5.67,18.0,1.34,True,816.51
Drone,4314.64,Growing,Afternoon,4,6.8,18.0,1.02,True,2430.42
Plough,1470.23,Off-Season,Morning,3,11.48,18.0,0.6,True,333.36
Drone,4117.95,Harvest,Morning,4,5.6,18.0,0.77,True,2757.67
Drone,4417.86,Planting,Morning,4,14.68,18.0,1.34,True,3932.83
Tractor,1963.19,Harvest,Evening,2,3.33,18.0,0.73,True,611.9
Tractor,1807.88,Growing,Night,3,5.09,18.0,1.07,True,730.8
Drone,4551.05,Harvest,Morning,5,1.49,18.0,0.74,True,3833.19
Tractor,2142.28,Off-Season,Evening,4,14.44,18.0,1.44,True,1437.07
Drone,4415.75,Growing,Night,4,13.45,18.0,0.51,True,1041.14
Tractor,1883.15,Harvest,Evening,4,1.84,18.0,1.38,True,2244.22
Drone,4683.55,Planting,Morning,2,12.26,18.0,0.84,True,1347.03
Tractor,1951.88,Growing,Morning,4,0.51,18.0,1.33,True,1829.43
Harvester,4219.07,Growing,Afternoon,2,6.54,18.0,0.79,False,924.12
Harvester,4210.88,Growing,Afternoon,5,1.71,18.0,1.07,False,3253.08
Harvester,3976.85,Harvest,Night,5,6.38,18.0,0.52,True,1678.51
Drone,4537.47,Planting,Afternoon,2,6.04,18.0,0.72,True,993.39
Tractor,1968.68,Harvest,Afternoon,3,7.89,18.0,0.67,True,700.68
Harvester,3614.71,Planting,Night,3,7.94,18.0,1.32,True,1916.96
Tractor,1826.87,Growing,Morning,2,9.77,18.0,1.33,True,775.93
Plough,1353.3,Planting,Evening,2,3.96,18.0,0.77,True,371.78
Harvester,3800.58,Planting,Afternoon,2,9.98,18.0,0.68,False,749.84
Harvester,3935.02,Off-Season,Afternoon,5,11.56,18.0,0.92,True,1893.12
Tractor,2183.45,Off-Season,Morning,2,1.24,18.0,1.1,True,673.67
Harvester,3911.44,Growing,Afternoon,5,6.56,18.0,1.42,True,3815.53
Plough,1533.12,Off-Season,Evening,3,7.14,18.0,1.16,False,674.42
Plough,1569.77,Growing,Evening,2,4.05,18.0,1.04,True,531.34
Drone,4807.38,Growing,Night,2,7.45,18.0,1.1,True,1295.73
Tractor,2108.36,Harvest,Night,2,5.17,18.0,0.85,True,587.66
Tractor,2081.97,Growing,Morning,5,6.52,18.0,0.75,True,1285.58
Plough,1589.82,Harvest,Evening,5,14.52,18.0,0.51,True,757.09
Tractor,1925.84,Growing,Afternoon,4,13.76,18.0,0.64,False,624.02
Tractor,1978.4,Harvest,Evening,4,1.3,18.0,1.46,True,2511.49
Tractor,2055.58,Off-Season,Night,2,9.88,18.0,1.19,True,469.11
Plough,1424.9,Growing,Evening,2,9.7,18.0,1.19,True,520.83
Plough,1550.98,Growing,Evening,5,10.58,18.0,1.43,True,1676.38
Plough,1520.38,Planting,Night,3,4.69,18.0,0.62,True,393.9
Drone,4223.34,Planting,Evening,5,14.57,18.0,1.44,True,4861.69
Tractor,2144.82,Planting,Morning,4,6.83,18.0,1.02,True,1591.26
Plough,1545.05,Harvest,Morning,5,3.45,18.0,0.62,True,1065.05
Harvester,4157.03,Growing,Afternoon,5,6.62,18.0,0.9,True,2589.53
Harvester,4243.18,Harvest,Evening,5,11.86,18.0,0.82,True,3376.11
Plough,1615.79,Harvest,Afternoon,3,13.15,18.0,0.92,True,740.66
Tractor,2196.14,Harvest,Afternoon,4,13.12,18.0,1.03,False,1505.78
Drone,4768.9,Off-Season,Morning,4,0.14,18.0,0.55,True,1490.73
Tractor,1815.04,Planting,Evening,5,9.41,18.0,1.37,False,2107.13
Plough,1580.48,Planting,Evening,2,5.05,18.0,1.02,True,572.65
Plough,1351.0,Off-Season,Morning,2,5.32,18.0,0.79,True,285.18
Plough,1420.08,Planting,Morning,2,4.16,18.0,1.41,True,747.45
Drone,4148.52,Planting,Morning,2,10.19,18.0,0.72,False,1042.0
Drone,4757.71,Growing,Afternoon,4,8.83,18.0,1.48,True,3793.63
Tractor,2040.32,Planting,Evening,3,9.2,18.0,0.67,False,691.72
Drone,4258.5,Harvest,Morning,5,12.57,18.0,0.73,True,3129.53
Plough,1386.1,Harvest,Evening,4,2.65,18.0,0.72,True,857.55
Tractor,2111.83,Planting,Morning,3,12.01,18.0,1.13,True,1226.21
Tractor,2007.3,Off-Season,Morning,5,14.92,18.0,0.67,True,814.79
Drone,4732.41,Harvest,Afternoon,3,14.95,18.0,1.4,True,3235.72
Harvester,4098.35,Harvest,Night,2,8.05,18.0,1.09,True,1421.49
Drone,4132.34,Off-Season,Night,2,5.87,18.0,0.77,True,638.63
Plough,1363.31,Harvest,Morning,3,12.93,18.0,1.31,True,1073.01
Tractor,2020.34,Growing,Night,4,4.22,18.0,0.75,True,773.36
Harvester,4156.57,Planting,Afternoon,5,7.44,18.0,0.58,True,1813.56
Plough,1554.98,Harvest,Afternoon,2,14.87,18.0,0.56,True,285.05
Harvester,4012.86,Harvest,Night,4,12.37,18.0,0.85,True,2057.98
Plough,1519.72,Off-Season,Evening,2,11.01,18.0,1.02,True,374.85
Tractor,1898.11,Planting,Morning,4,13.01,18.0,1.21,True,1553.88
Harvester,4157.98,Harvest,Morning,3,1.59,18.0,1.2,True,3386.77
Plough,1614.49,Harvest,Morning,2,13.08,18.0,0.53,True,341.8
Drone,4165.98,Harvest,Morning,4,3.43,18.0,1.41,True,5216.25
Harvester,4044.95,Harvest,Night,2,7.61,18.0,0.51,True,653.16
Plough,1535.08,Harvest,Afternoon,2,8.4,18.0,0.62,True,332.1
Harvester,3607.26,Harvest,Afternoon,2,11.7,18.0,0.61,True,741.46
Drone,4537.14,Growing,Evening,5,12.6,18.0,0.89,True,3000.43
Drone,4728.33,Growing,Evening,3,14.06,18.0,1.19,True,2456.39
Drone,4320.87,Harvest,Afternoon,2,11.56,18.0,1.21,True,1771.06
Tractor,1823.17,Off-Season,Evening,5,0.69,18.0,1.37,False,1684.98
Tractor,2187.55,Off-Season,Evening,5,9.71,18.0,1.09,True,1466.58
Tractor,1826.25,Planting,Afternoon,2,4.85,18.0,0.99,True,557.45
Plough,1554.99,Planting,Night,3,2.38,18.0,0.97,False,644.04
Harvester,3681.75,Harvest,Evening,2,2.45,18.0,1.29,True,2050.84
Drone,4248.69,Growing,Afternoon,3,11.59,18.0,0.73,True,1213.43
Tractor,2147.22,Growing,Morning,3,2.27,18.0,0.93,False,1038.94
Harvester,3935.78,Growing,Afternoon,4,14.47,18.0,1.26,True,2502.74
Drone,4330.76,Planting,Afternoon,3,13.41,18.0,0.73,True,1332.37
Harvester,3624.91,Planting,Evening,2,10.72,18.0,1.06,True,1283.44
Drone,4538.91,Off-Season,Morning,5,2.78,18.0,1.37,True,4275.74
Plough,1581.28,Harvest,Night,3,7.96,18.0,0.52,True,390.23
Drone,4314.75,Harvest,Morning,5,13.81,18.0,1.12,True,4777.52
Harvester,3985.22,Growing,Evening,3,8.97,18.0,1.11,True,2044.05
Plough,1517.52,Planting,Night,5,7.37,18.0,0.56,True,579.04
Harvester,3815.19,Growing,Night,5,6.5,18.0,1.48,True,3514.6
Tractor,1985.84,Harvest,Morning,3,5.89,18.0,0.98,True,1264.24
Drone,4312.5,Harvest,Evening,2,11.36,18.0,1.45,False,2449.08
Plough,1567.29,Growing,Afternoon,4,1.57,18.0,0.74,False,675.37
Drone,4178.25,Growing,Night,5,7.24,18.0,0.71,True,1827.48
Drone,4748.22,Off-Season,Evening,3,4.9,18.0,1.02,True,1870.9
Drone,4365.56,Planting,Morning,2,12.37,18.0,0.86,True,1277.87
Tractor,2190.99,Planting,Night,3,10.34,18.0,1.3,True,1119.22
Plough,1400.24,Growing,Night,2,14.27,18.0,0.62,True,198.94
Drone,4585.3,Planting,Morning,2,0.78,18.0,1.04,True,1844.76
Drone,4833.87,Planting,Evening,3,9.38,18.0,1.28,True,3146.99
Harvester,3987.52,Planting,Evening,4,13.42,18.0,1.05,True,2699.25
Harvester,3961.85,Harvest,Afternoon,4,0.61,18.0,0.66,True,2005.39
Plough,1567.45,Off-Season,Evening,5,3.71,18.0,0.66,True,675.44
Harvester,3775.37,Planting,Night,4,7.05,18.0,1.24,True,2550.36
Plough,1480.1,Harvest,Afternoon,5,7.47,18.0,1.06,True,1385.69
Drone,4255.61,Off-Season,Evening,5,8.14,18.0,0.99,True,2634.64
Drone,4412.94,Planting,Morning,2,1.08,18.0,0.53,True,902.0
Harvester,3970.1,Planting,Evening,3,14.41,18.0,0.92,True,1742.09
Plough,1538.63,Off-Season,Night,5,5.57,18.0,1.49,True,1147.78
Drone,4830.33,Harvest,Morning,5,8.82,18.0,0.53,True,2682.49
Harvester,4084.95,Harvest,Night,4,13.51,18.0,0.92,True,2247.95
Plough,1527.71,Planting,Afternoon,3,5.39,18.0,0.88,True,621.83
Drone,4802.4,Planting,Night,2,1.97,18.0,1.22,False,1671.59
Plough,1403.9,Planting,Night,5,5.59,18.0,1.01,True,979.91
Tractor,1827.65,Off-Season,Morning,2,3.71,18.0,1.37,True,683.18
Tractor,2005.93,Planting,Night,2,9.94,18.0,0.6,True,314.06
Harvester,3849.72,Off-Season,Afternoon,5,3.87,18.0,1.16,True,2525.6
Plough,1582.04,Harvest,Afternoon,5,5.95,18.0,0.74,True,1051.4
Tractor,2153.48,Harvest,Afternoon,3,2.55,18.0,1.02,True,1231.12
Drone,4796.0,Off-Season,Morning,2,6.74,18.0,1.09,False,1377.98
Harvester,3802.02,Off-Season,Afternoon,3,2.51,18.0,0.54,True,704.15
Plough,1549.14,Off-Season,Evening,2,11.73,18.0,1.21,True,447.36
Drone,4827.79,Planting,Evening,3,3.09,18.0,0.61,True,1602.6
Tractor,1822.83,Growing,Night,4,3.47,18.0,0.55,True,515.49
Harvester,3779.76,Planting,Morning,2,14.01,18.0,0.82,True,1032.98
Plough,1362.47,Growing,Night,3,5.96,18.0,0.98,True,500.0
Harvester,3613.9,Harvest,Afternoon,2,9.59,18.0,1.37,True,1714.09
Tractor,2006.24,Planting,Night,3,5.14,18.0,1.03,True,860.59
Drone,4169.44,Off-Season,Evening,5,10.57,18.0,0.7,True,1775.65
Tractor,2187.96,Planting,Night,2,10.96,18.0,0.66,True,373.32
Tractor,2185.34,Growing,Evening,4,10.39,18.0,1.34,False,1777.96
Harvester,4146.6,Harvest,Evening,3,3.66,18.0,1.33,True,3517.07
Harvester,4214.82,Planting,Afternoon,4,13.96,18.0,1.19,True,2799.47
Drone,4244.11,Off-Season,Morning,5,12.4,18.0,1.17,True,3071.65
Drone,4363.72,Planting,Afternoon,3,14.99,18.0,0.55,False,989.86
Plough,1472.07,Growing,Afternoon,5,11.29,18.0,0.59,True,568.71
Harvester,3687.29,Planting,Night,3,6.06,18.0,0.83,True,1254.93
Drone,4777.06,Off-Season,Evening,3,13.17,18.0,0.82,True,1379.96
Drone,4388.11,Planting,Evening,3,8.17,18.0,0.51,True,1140.83
Drone,4379.82,Planting,Afternoon,4,8.45,18.0,0.88,True,2291.08
Drone,4586.84,Planting,Night,5,5.6,18.0,0.73,True,2299.24
Plough,1531.03,Harvest,Night,3,9.64,18.0,1.26,True,902.01
Plough,1512.71,Off-Season,Afternoon,5,7.79,18.0,0.98,True,805.87
Drone,4357.12,Planting,Evening,5,2.23,18.0,1.03,True,4079.88
Drone,4479.03,Harvest,Afternoon,4,11.47,18.0,1.31,True,3993.13
Tractor,2182.21,Growing,Evening,2,12.34,18.0,0.93,True,604.12
Harvester,3657.02,Off-Season,Afternoon,4,3.65,18.0,1.43,True,2373.26
Drone,4890.99,Off-Season,Morning,3,2.92,18.0,0.67,True,1344.03
Plough,1506.93,Planting,Morning,3,4.61,18.0,1.3,True,1094.05
Tractor,1924.52,Off-Season,Night,5,10.76,18.0,0.9,False,820.64
Harvester,4258.54,Harvest,Evening,3,2.72,18.0,1.18,True,3237.01
Harvester,4020.13,Harvest,Morning,4,4.43,18.0,1.29,True,4573.8
Drone,4875.98,Planting,Afternoon,5,7.25,18.0,1.31,True,4791.33
Drone,4089.07,Planting,Morning,3,1.68,18.0,0.5,True,1180.16
Drone,4513.66,Harvest,Night,5,3.42,18.0,0.71,True,2678.34
Plough,1473.31,Planting,Morning,2,13.59,18.0,1.27,True,629.57
Tractor,1902.26,Growing,Night,5,4.12,18.0,1.32,True,1601.13
Drone,4650.79,Growing,Night,3,11.5,18.0,0.65,True,1064.98
Harvester,3722.39,Growing,Afternoon,2,11.05,18.0,1.36,True,1331.08
Drone,4136.14,Planting,Morning,5,4.68,18.0,0.73,True,2802.63
Drone,4624.16,Growing,Afternoon,2,5.86,18.0,1.09,True,1405.46
Harvester,4390.23,Harvest,Afternoon,4,8.96,18.0,1.18,True,3604.82
Plough,1483.74,Off-Season,Evening,2,10.39,18.0,1.49,True,538.14
Tractor,1841.64,Planting,Morning,3,5.06,18.0,1.41,True,1435.45
Drone,4288.41,Harvest,Morning,2,13.41,18.0,0.69,True,1182.28
Drone,4253.99,Growing,Afternoon,2,9.26,18.0,0.94,True,1073.17
Harvester,4135.68,Planting,Night,5,3.51,18.0,1.04,True,3030.29
Drone,4635.79,Harvest,Night,3,3.46,18.0,0.96,True,2217.01
Tractor,1820.94,Planting,Afternoon,5,9.93,18.0,1.06,True,1407.47
Plough,1489.56,Planting,Evening,5,8.71,18.0,0.59,False,746.95
Harvester,4107.97,Growing,Morning,4,3.01,18.0,1.04,True,2921.84
Harvester,3960.3,Growing,Night,5,0.02,18.0,0.8,False,2104.77
Tractor,1989.95,Planting,Afternoon,3,3.52,18.0,0.9,True,840.43
Plough,1647.75,Growing,Morning,5,11.53,18.0,0.74,True,959.42
Harvester,3674.34,Planting,Afternoon,3,1.34,18.0,1.26,True,2215.02
Harvester,4260.85,Growing,Morning,3,2.39,18.0,0.56,True,1243.6
Plough,1418.21,Growing,Afternoon,2,5.4,18.0,0.59,False,232.57
Drone,4548.42,Off-Season,Night,4,12.38,18.0,0.78,False,1320.02
Tractor,2149.33,Growing,Night,3,13.79,18.0,1.0,False,735.69
Plough,1605.43,Harvest,Morning,3,7.52,18.0,0.9,True,919.53
Plough,1538.39,Harvest,Evening,3,13.17,18.0,1.37,True,1208.91
Drone,4761.03,Growing,Night,5,12.28,18.0,0.82,True,2280.08
Tractor,1861.52,Planting,Evening,4,5.19,18.0,1.48,True,1943.7
Plough,1596.74,Harvest,Afternoon,2,7.19,18.0,0.81,True,462.46
Plough,1391.76,Planting,Night,5,11.47,18.0,0.67,True,607.07
Tractor,1959.47,Planting,Afternoon,2,9.99,18.0,0.62,True,355.83
Plough,1501.83,Off-Season,Evening,4,14.45,18.0,1.05,False,731.97
Drone,4439.25,Off-Season,Night,2,14.05,18.0,1.38,True,1115.26
Tractor,2140.58,Growing,Afternoon,5,3.24,18.0,1.12,True,1710.19
Plough,1395.61,Planting,Morning,4,8.47,18.0,0.69,True,688.24
Drone,4486.14,Planting,Evening,3,0.87,18.0,1.2,False,2974.93
Harvester,3791.34,Off-Season,Morning,4,1.12,18.0,1.28,True,2723.65
Tractor,1871.11,Planting,Afternoon,5,0.93,18.0,1.01,False,1517.92
Tractor,2125.59,Growing,Night,4,3.31,18.0,0.67,True,735.27
Tractor,2139.21,Off-Season,Morning,3,1.96,18.0,1.39,True,1235.35
Drone,4225.16,Planting,Night,4,7.88,18.0,0.98,True,2231.63
Drone,4398.37,Planting,Evening,2,0.17,18.0,0.92,True,1501.25
Tractor,1807.68,Growing,Evening,4,8.73,18.0,1.18,True,1321.99
Tractor,2047.58,Off-Season,Evening,2,0.18,18.0,0.74,False,411.15
Drone,4771.38,Off-Season,Afternoon,2,0.64,18.0,0.87,True,974.97
Drone,4631.48,Off-Season,Night,2,12.67,18.0,0.6,True,513.83
Tractor,1860.02,Planting,Afternoon,5,3.65,18.0,1.15,True,1674.39
Drone,4602.67,Harvest,Morning,2,6.89,18.0,1.29,True,2534.28
Drone,4909.8,Planting,Evening,2,9.88,18.0,1.44,True,2382.38
Harvester,3661.13,Planting,Afternoon,2,12.61,18.0,0.54,False,558.99
Drone,4465.33,Off-Season,Morning,4,7.43,18.0,0.89,True,2075.12
Harvester,3781.57,Planting,Morning,2,1.0,18.0,1.02,True,1484.66
Drone,4713.69,Planting,Afternoon,2,6.65,18.0,0.55,True,782.24
Plough,1573.86,Planting,Night,2,1.08,18.0,0.57,True,259.74
Plough,1636.95,Growing,Morning,2,5.81,18.0,0.96,False,525.02
Plough,1641.22,Off-Season,Evening,4,9.92,18.0,0.69,True,549.86
Harvester,3678.72,Off-Season,Night,3,12.46,18.0,0.57,True,583.51
Tractor,1833.05,Off-Season,Evening,5,14.52,18.0,0.8,True,845.69
Tractor,2049.87,Growing,Night,3,10.01,18.0,0.51,True,374.98
Tractor,1904.29,Growing,Afternoon,2,9.66,18.0,1.03,True,522.88
Harvester,4374.79,Off-Season,Morning,2,1.88,18.0,0.97,True,1184.47
Tractor,1994.41,Off-Season,Morning,5,11.22,18.0,1.31,True,1644.43
Drone,4165.29,Growing,Morning,4,1.66,18.0,1.1,True,3185.75
Plough,1462.8,Planting,Evening,3,6.59,18.0,1.11,False,851.23
Plough,1422.21,Growing,Morning,2,10.14,18.0,1.0,True,450.62
Plough,1647.72,Harvest,Evening,3,12.24,18.0,1.36,True,1302.31
Harvester,4335.14,Planting,Afternoon,3,9.54,18.0,0.72,False,1376.37
Harvester,4198.55,Growing,Afternoon,3,11.65,18.0,1.16,True,1897.82
Tractor,2018.01,Growing,Night,4,4.04,18.0,1.04,True,1068.95
Plough,1382.38,Harvest,Morning,2,10.89,18.0,1.32,True,747.05
Plough,1501.76,Off-Season,Afternoon,5,5.14,18.0,0.91,True,767.76
Plough,1573.03,Off-Season,Night,4,4.46,18.0,1.07,True,679.91
Drone,4835.99,Growing,Evening,4,13.16,18.0,0.93,True,2660.87
Harvester,4046.43,Planting,Afternoon,5,3.7,18.0,1.23,False,3877.1
Tractor,1839.67,Off-Season,Evening,5,13.2,18.0,1.16,True,1254.2
Drone,4718.11,Planting,Afternoon,3,9.24,18.0,0.69,True,1434.08
Harvester,4227.03,Harvest,Evening,5,7.86,18.0,1.35,True,5788.7
Drone,4799.41,Growing,Morning,3,3.04,18.0,1.46,True,3603.02
Drone,4344.24,Off-Season,Night,4,12.63,18.0,0.97,True,1564.51
Plough,1387.41,Planting,Night,4,6.73,18.0,1.22,True,923.71
Plough,1527.91,Growing,Evening,2,9.95,18.0,0.5,True,234.27
Tractor,1811.63,Harvest,Morning,3,5.33,18.0,1.29,True,1532.18
Drone,4579.38,Off-Season,Evening,5,7.65,18.0,1.22,True,3510.4
Tractor,1890.18,Planting,Morning,5,8.41,18.0,1.1,True,1859.75
Drone,4774.49,Planting,Evening,4,0.34,18.0,0.82,True,2919.46
Plough,1394.7,Growing,Morning,5,5.01,18.0,1.28,True,1506.45
Plough,1586.58,Planting,Morning,5,7.8,18.0,0.87,True,1243.81
Plough,1570.65,Growing,Night,2,1.33,18.0,0.72,True,296.51
Plough,1570.7,Off-Season,Afternoon,4,11.0,18.0,0.8,True,527.46
Harvester,4110.04,Harvest,Afternoon,5,11.78,18.0,0.62,True,2149.41
Tractor,2135.92,Off-Season,Evening,4,11.1,18.0,1.45,True,1494.82
Drone,4558.99,Off-Season,Morning,3,5.02,18.0,0.53,True,967.93
Tractor,2132.68,Off-Season,Night,2,10.47,18.0,1.43,True,579.82
Drone,4100.52,Off-Season,Night,4,6.44,18.0,1.37,True,2237.05
Drone,4217.49,Harvest,Afternoon,2,6.53,18.0,1.44,True,2173.03
Harvester,4104.94,Growing,Morning,3,10.92,18.0,1.0,True,1934.84
Tractor,2091.8,Planting,Night,3,0.86,18.0,0.73,True,658.86
Plough,1469.65,Growing,Night,5,9.85,18.0,1.46,True,1280.88
Plough,1367.12,Growing,Afternoon,3,0.54,18.0,0.78,True,466.72
Plough,1586.14,Harvest,Night,3,4.08,18.0,1.26,True,992.01
Tractor,2110.68,Harvest,Afternoon,5,2.35,18.0,1.35,True,2673.91
Plough,1535.91,Planting,Evening,4,2.09,18.0,1.03,True,1158.77
Tractor,1938.94,Planting,Morning,4,3.55,18.0,1.23,True,1794.95
Harvester,3702.39,Growing,Afternoon,5,14.05,18.0,0.55,True,1296.05
Harvester,3808.13,Harvest,Morning,2,7.42,18.0,1.48,True,2400.59
Harvester,4180.12,Off-Season,Afternoon,2,8.48,18.0,0.96,False,870.29
Drone,4597.67,Growing,Afternoon,2,2.75,18.0,0.52,True,688.61
Plough,1475.4,Off-Season,Night,2,12.76,18.0,1.06,True,290.13
Drone,4153.29,Growing,Morning,3,6.06,18.0,1.04,True,2159.9
Tractor,2019.54,Planting,Evening,3,1.23,18.0,0.96,True,1070.04
Plough,1399.73,Harvest,Night,3,9.96,18.0,0.72,True,467.23
Drone,4825.79,Harvest,Afternoon,4,9.76,18.0,1.05,True,3491.69
Tractor,2005.0,Off-Season,Morning,5,5.34,18.0,1.48,True,1986.14
Drone,4497.53,Planting,Night,5,3.88,18.0,0.66,True,2098.06
Tractor,2102.7,Growing,Night,3,0.27,18.0,0.63,True,523.01
Drone,4195.46,Harvest,Afternoon,3,3.58,18.0,0.95,False,2213.52
Harvester,4217.61,Off-Season,Morning,4,8.29,18.0,0.59,True,1301.71
Tractor,1912.97,Planting,Afternoon,3,7.47,18.0,0.61,True,521.68
Drone,4789.89,Growing,Evening,3,1.4,18.0,0.94,True,2261.68
Plough,1406.02,Planting,Morning,5,4.31,18.0,1.29,True,1693.39
Tractor,2053.83,Off-Season,Evening,4,9.64,18.0,0.7,True,700.96
Drone,4518.17,Growing,Afternoon,5,10.44,18.0,1.29,True,3859.51
Drone,4821.46,Off-Season,Evening,4,13.46,18.0,0.67,True,1514.88
Harvester,4078.49,Growing,Night,4,2.76,18.0,1.39,True,2935.51
Tractor,1860.84,Planting,Evening,5,11.98,18.0,1.47,True,2242.86
Plough,1385.29,Off-Season,Evening,4,7.58,18.0,1.47,True,1019.59
Harvester,4387.29,Planting,Night,2,10.88,18.0,0.82,False,939.82
Harvester,4383.83,Planting,Night,4,2.43,18.0,0.51,True,1280.64
Harvester,4021.92,Off-Season,Night,2,12.34,18.0,0.71,True,531.47
Drone,4926.11,Growing,Morning,5,12.87,18.0,1.32,True,5010.35
Harvester,4168.19,Planting,Morning,5,14.82,18.0,1.4,True,4843.36
Plough,1444.22,Growing,Evening,5,7.41,18.0,1.33,True,1506.33
Plough,1402.13,Off-Season,Night,2,1.69,18.0,0.59,True,171.91
Plough,1476.04,Growing,Afternoon,3,5.22,18.0,0.95,True,588.32
Tractor,2060.46,Harvest,Afternoon,5,8.66,18.0,1.24,True,2233.99
Plough,1603.12,Off-Season,Night,4,9.51,18.0,0.63,True,385.92
Plough,1447.53,Growing,Afternoon,5,0.06,18.0,1.18,True,1260.77
Plough,1546.58,Growing,Evening,2,12.56,18.0,0.78,True,357.53
Plough,1558.25,Harvest,Night,2,3.23,18.0,0.86,True,447.78
Tractor,2105.26,Growing,Evening,2,9.8,18.0,1.44,True,926.61
Plough,1579.82,Planting,Night,4,0.89,18.0,1.4,True,1279.38
Plough,1612.27,Harvest,Night,4,8.41,18.0,0.61,True,622.83
Drone,4464.32,Planting,Evening,5,5.72,18.0,0.63,True,2469.19
Drone,4772.12,Off-Season,Night,4,6.34,18.0,0.54,True,1029.15
Plough,1625.42,Off-Season,Afternoon,4,1.91,18.0,1.21,False,908.82
Harvester,4260.83,Growing,Afternoon,4,12.07,18.0,0.52,False,1144.99
Plough,1568.0,Off-Season,Afternoon,4,9.42,18.0,1.03,True,692.26
Drone,4454.86,Planting,Night,5,10.56,18.0,1.04,True,3027.68
Tractor,1896.76,Planting,Afternoon,5,8.51,18.0,0.78,True,1103.5
Tractor,1829.7,Growing,Night,2,4.5,18.0,1.24,True,576.75
Harvester,4322.32,Harvest,Afternoon,5,13.16,18.0,0.83,True,2988.4
Tractor,2195.61,Harvest,Morning,4,1.18,18.0,0.74,True,1476.73
Tractor,1813.87,Off-Season,Night,4,4.02,18.0,1.29,True,953.44
Harvester,4127.06,Harvest,Afternoon,5,12.47,18.0,1.1,True,3806.18
Harvester,3675.09,Harvest,Morning,2,0.49,18.0,1.37,True,2303.26
Tractor,2182.33,Growing,Morning,5,7.76,18.0,0.93,True,1657.51
Tractor,1973.84,Harvest,Afternoon,4,2.06,18.0,0.84,True,1246.68
Drone,4203.52,Harvest,Evening,2,9.47,18.0,1.09,True,1832.2
Tractor,1894.97,Growing,Morning,4,1.98,18.0,0.73,True,965.55
Drone,4923.69,Harvest,Evening,5,14.26,18.0,1.1,True,5123.15
Drone,4505.64,Growing,Morning,4,6.1,18.0,1.39,True,4167.84
Harvester,3631.81,Harvest,Morning,3,0.68,18.0,0.64,True,1593.58
Plough,1641.46,Planting,Afternoon,2,7.09,18.0,1.12,True,555.49
Tractor,1978.99,Off-Season,Evening,5,3.1,18.0,1.02,True,1322.61
Tractor,1803.07,Growing,Evening,3,12.5,18.0,1.34,True,1078.96
Drone,4466.57,Growing,Evening,2,8.58,18.0,1.01,True,1402.81
Drone,4888.58,Growing,Morning,2,12.25,18.0,0.78,True,1191.4
Harvester,4025.28,Planting,Evening,4,7.61,18.0,1.37,True,3814.3
Drone,4682.03,Off-Season,Evening,4,6.76,18.0,1.43,True,3387.22
Harvester,3911.9,Growing,Afternoon,4,6.17,18.0,1.41,True,3048.5
Tractor,2043.16,Planting,Evening,5,4.45,18.0,1.22,False,2219.13
Harvester,4177.11,Planting,Evening,2,9.55,18.0,0.55,True,777.1
Harvester,3647.62,Off-Season,Evening,4,13.07,18.0,0.76,True,1302.33
Tractor,2120.14,Planting,Morning,5,5.54,18.0,0.62,True,1210.81
Harvester,4200.94,Growing,Evening,2,6.06,18.0,0.82,True,1099.22
Tractor,1965.07,Planting,Morning,2,10.18,18.0,0.86,True,592.4
Plough,1353.04,Growing,Night,3,2.08,18.0,0.62,True,324.88
Harvester,3737.48,Planting,Morning,3,1.81,18.0,1.4,True,3006.28
Harvester,4027.17,Planting,Night,5,12.3,18.0,1.19,True,3081.21
Drone,4453.97,Growing,Evening,4,8.66,18.0,0.54,True,1500.92
Tractor,2023.46,Off-Season,Afternoon,4,7.0,18.0,1.32,True,1169.55
Harvester,3909.91,Planting,Night,4,6.45,18.0,1.17,True,2506.04
Plough,1441.89,Harvest,Afternoon,3,8.85,18.0,0.73,True,549.07
Drone,4455.11,Off-Season,Morning,5,13.75,18.0,0.93,True,2532.77
Harvester,4065.76,Harvest,Evening,3,5.55,18.0,0.53,True,1339.83
Tractor,2010.33,Growing,Night,3,2.5,18.0,0.93,True,726.35
Tractor,2156.04,Off-Season,Afternoon,2,14.2,18.0,0.84,True,366.62
Plough,1463.67,Off-Season,Afternoon,4,5.11,18.0,0.57,True,374.79
Harvester,3848.97,Harvest,Evening,3,12.71,18.0,1.03,True,2291.78
Tractor,2032.09,Harvest,Afternoon,3,6.81,18.0,1.19,True,1294.45
Plough,1495.68,Planting,Evening,5,14.66,18.0,1.03,True,1228.79
Tractor,1839.72,Off-Season,Evening,3,0.46,18.0,0.89,True,661.97
Harvester,3618.68,Growing,Night,4,2.21,18.0,0.99,True,1856.3
Drone,4801.93,Growing,Morning,2,14.34,18.0,0.81,True,1185.25
Plough,1530.88,Off-Season,Morning,5,8.18,18.0,0.59,True,585.38
Harvester,3721.27,Growing,Morning,2,5.78,18.0,0.84,True,1043.05
Plough,1396.24,Off-Season,Morning,2,7.98,18.0,0.67,True,243.17
Drone,4804.69,Harvest,Evening,4,4.53,18.0,0.76,True,3072.11
Plough,1367.29,Planting,Morning,3,10.16,18.0,0.74,True,527.38
Plough,1513.45,Off-Season,Night,2,8.71,18.0,0.64,True,187.58
Harvester,4100.99,Off-Season,Night,4,3.11,18.0,1.28,True,2164.58
Plough,1440.15,Harvest,Morning,3,8.54,18.0,1.12,True,1018.94
Plough,1468.54,Growing,Night,5,12.79,18.0,1.21,False,1029.36
Drone,4169.14,Off-Season,Evening,4,13.64,18.0,1.22,True,2388.42
Harvester,4295.98,Growing,Evening,2,11.19,18.0,1.05,True,1358.2
Harvester,4144.6,Planting,Evening,2,13.16,18.0,1.44,True,1939.61
Harvester,3970.14,Planting,Afternoon,5,1.41,18.0,1.25,True,3984.08
Tractor,1920.98,Harvest,Morning,5,4.29,18.0,0.7,True,1487.56
Drone,4397.89,Growing,Evening,4,13.78,18.0,0.86,True,2218.4
Drone,4855.01,Harvest,Night,4,6.11,18.0,1.33,True,4177.06
Plough,1522.06,Harvest,Afternoon,2,7.15,18.0,1.5,True,810.88
Tractor,1801.27,Planting,Evening,2,12.7,18.0,1.39,True,817.45
Harvester,4306.77,Harvest,Night,4,0.46,18.0,1.47,True,4354.61
Tractor,2093.61,Off-Season,Evening,3,7.15,18.0,1.19,True,939.9
Plough,1557.76,Harvest,Morning,3,9.49,18.0,1.14,True,1113.91
Plough,1450.02,Harvest,Evening,4,3.16,18.0,1.46,True,1805.15
Harvester,4398.26,Harvest,Afternoon,5,14.92,18.0,0.59,True,2116.06
Tractor,1817.66,Off-Season,Morning,5,12.51,18.0,1.24,True,1396.64
Plough,1576.03,Off-Season,Evening,2,12.33,18.0,1.31,True,490.94
Plough,1560.01,Off-Season,Afternoon,4,1.33,18.0,0.99,True,717.55
Harvester,3926.03,Harvest,Night,3,0.37,18.0,0.81,True,1632.54
Plough,1539.63,Off-Season,Evening,2,14.22,18.0,0.57,False,205.15
Drone,4520.32,Harvest,Afternoon,5,10.23,18.0,0.61,True,2384.71
Tractor,1896.89,Planting,Morning,3,0.75,18.0,0.57,True,629.98
Plough,1438.59,Harvest,Morning,5,12.95,18.0,0.9,True,1298.55
Drone,4187.1,Off-Season,Morning,4,13.59,18.0,0.82,True,1683.44
Plough,1417.81,Growing,Morning,2,3.29,18.0,0.53,True,259.04
Drone,4424.51,Planting,Afternoon,2,1.84,18.0,1.39,True,1957.01
Plough,1484.8,Off-Season,Night,3,12.32,18.0,1.05,True,437.44
Drone,4523.65,Growing,Night,3,10.71,18.0,1.32,True,2127.44
Harvester,4042.0,Off-Season,Evening,4,1.8,18.0,1.42,True,3052.51
Tractor,1960.58,Off-Season,Evening,4,4.26,18.0,0.63,True,645.76
Harvester,3643.47,Growing,Evening,5,6.04,18.0,0.6,True,1750.12
Plough,1584.9,Harvest,Morning,3,4.14,18.0,1.21,True,1265.8
Tractor,2135.74,Off-Season,Evening,2,5.11,18.0,1.44,True,792.31
Harvester,4344.71,Harvest,Afternoon,2,5.4,18.0,0.77,True,1214.27
Drone,4332.01,Planting,Morning,5,13.61,18.0,1.44,True,5257.28
Tractor,1950.93,Growing,Morning,5,14.46,18.0,0.59,True,870.31
Drone,4494.43,Growing,Night,2,13.95,18.0,1.34,True,1380.25
Tractor,1855.65,Planting,Night,2,10.7,18.0,1.17,False,564.5
Plough,1578.31,Growing,Morning,2,10.14,18.0,1.44,True,724.96
Plough,1492.62,Off-Season,Night,4,9.66,18.0,0.55,True,314.0
Drone,4911.12,Harvest,Night,5,12.99,18.0,0.98,True,3598.71
Harvester,4107.54,Off-Season,Night,4,5.55,18.0,0.55,True,910.33
Drone,4424.85,Growing,Morning,2,6.24,18.0,1.22,True,1791.31
Harvester,4295.81,Harvest,Morning,3,13.2,18.0,0.72,True,1842.24
Drone,4596.98,Harvest,Morning,3,5.92,18.0,1.43,True,4271.53
Drone,4713.39,Harvest,Night,3,9.67,18.0,0.9,True,1973.05
Plough,1409.76,Growing,Evening,5,1.28,18.0,0.54,True,640.94
Harvester,4258.65,Off-Season,Evening,3,7.74,18.0,0.77,True,1227.8
Tractor,1805.88,Planting,Evening,2,13.67,18.0,1.34,True,778.62
Plough,1634.65,Planting,Morning,4,7.39,18.0,0.9,True,1066.11
Tractor,2038.05,Off-Season,Evening,5,10.87,18.0,1.38,True,1697.9
Drone,4407.88,Planting,Morning,2,4.68,18.0,1.27,True,2084.42
Tractor,2008.52,Harvest,Afternoon,3,12.86,18.0,1.08,True,1082.72
Drone,4394.32,Harvest,Morning,2,1.8,18.0,0.77,True,1520.3
Harvester,3834.65,Growing,Night,2,11.09,18.0,0.72,True,654.73
Drone,4563.58,Growing,Morning,5,4.5,18.0,1.15,False,4422.06
Drone,4812.35,Growing,Night,2,8.2,18.0,1.33,True,1559.62
Harvester,3832.92,Growing,Morning,2,5.97,18.0,0.8,True,1024.4
Harvester,3782.59,Growing,Night,3,9.05,18.0,0.97,True,1333.65
Tractor,2068.66,Off-Season,Morning,5,14.37,18.0,1.44,True,1809.45
Tractor,2196.53,Growing,Afternoon,3,9.67,18.0,1.06,True,931.8
Plough,1411.49,Off-Season,Evening,3,2.94,18.0,0.64,True,357.4
Tractor,2112.53,Growing,Night,2,4.14,18.0,1.48,True,796.59
Harvester,4325.14,Growing,Morning,4,10.11,18.0,0.76,True,2091.68
Plough,1625.25,Growing,Morning,5,10.87,18.0,1.04,True,1331.68
Harvester,4152.0,Growing,Afternoon,3,2.21,18.0,0.51,True,912.42
Plough,1484.3,Off-Season,Afternoon,3,6.23,18.0,0.8,True,395.09
Plough,1456.28,Planting,Night,3,10.19,18.0,0.58,True,330.14
Harvester,4245.57,Planting,Night,3,8.2,18.0,0.68,True,1161.5
Plough,1518.26,Growing,Afternoon,3,6.68,18.0,0.71,True,444.61
Plough,1603.09,Growing,Afternoon,5,14.92,18.0,1.03,True,1033.22
Drone,4643.2,Growing,Morning,2,2.95,18.0,1.45,False,2315.23
Plough,1563.52,Harvest,Evening,3,7.84,18.0,0.72,True,685.5
Tractor,2167.75,Harvest,Night,4,1.1,18.0,1.12,False,1661.07
Drone,4221.1,Growing,Evening,4,10.98,18.0,0.86,True,2179.92
Harvester,3916.16,Growing,Evening,5,14.66,18.0,1.26,True,3563.84
Harvester,3981.52,Planting,Night,5,4.65,18.0,0.73,True,2029.09
Plough,1584.4,Planting,Evening,5,8.48,18.0,1.27,True,1720.33
Harvester,3609.68,Off-Season,Night,3,11.77,18.0,0.88,True,889.9
Tractor,2121.9,Planting,Morning,2,3.33,18.0,0.82,True,656.3
Tractor,2091.54,Off-Season,Evening,4,3.81,18.0,0.75,True,814.47
Drone,4855.18,Growing,Morning,2,1.78,18.0,0.79,True,1331.78
Drone,4877.58,Growing,Night,4,7.42,18.0,1.01,True,2428.31
Tractor,2054.18,Harvest,Morning,5,11.31,18.0,1.42,False,2972.94
Harvester,4061.7,Off-Season,Afternoon,3,9.33,18.0,1.49,True,1945.67
Drone,4566.46,Harvest,Morning,3,9.85,18.0,0.74,True,2104.03
Tractor,2167.3,Harvest,Night,5,0.41,18.0,1.34,True,2495.25
Harvester,3782.96,Planting,Afternoon,2,2.63,18.0,1.37,True,1633.71
Plough,1635.14,Off-Season,Morning,2,10.79,18.0,1.06,True,439.28
Tractor,1930.54,Planting,Morning,4,4.24,18.0,0.85,True,1228.21
Drone,4901.81,Planting,Evening,5,6.01,18.0,1.26,True,5428.91
Harvester,4311.11,Planting,Morning,3,3.07,18.0,1.09,True,2663.24
Tractor,1932.63,Off-Season,Afternoon,4,0.49,18.0,1.14,True,1031.2
Drone,4315.72,Harvest,Night,4,7.6,18.0,0.91,True,2503.26
Tractor,2134.33,Off-Season,Morning,2,10.9,18.0,1.27,True,686.06
Tractor,2129.92,Harvest,Morning,3,13.14,18.0,1.04,True,1327.04
Harvester,3940.18,Growing,Night,2,5.88,18.0,1.05,True,1030.62
Drone,4581.39,Off-Season,Afternoon,5,7.84,18.0,0.55,False,1381.69
Plough,1417.84,Planting,Morning,3,0.15,18.0,0.94,True,775.21
Tractor,1820.76,Off-Season,Afternoon,5,14.5,18.0,0.72,True,665.23
Harvester,4193.52,Planting,Evening,2,11.39,18.0,1.11,True,1538.76
Plough,1595.41,Planting,Morning,5,12.25,18.0,0.68,True,928.93
Harvester,4321.55,Off-Season,Night,3,6.09,18.0,0.72,True,931.63
Plough,1512.74,Growing,Morning,5,9.92,18.0,0.58,True,697.64
Tractor,2083.73,Harvest,Night,4,4.04,18.0,1.02,True,1404.64
Harvester,4102.75,Planting,Morning,3,3.98,18.0,1.1,True,2534.72
Plough,1564.33,Off-Season,Afternoon,2,8.4,18.0,1.28,True,433.1
Plough,1401.63,Off-Season,Night,2,13.99,18.0,1.33,True,339.9
Harvester,4171.46,Off-Season,Evening,4,12.05,18.0,0.62,True,1238.69
Harvester,4280.38,Harvest,Morning,2,4.11,18.0,1.31,True,2468.86
Harvester,3876.27,Off-Season,Afternoon,3,9.98,18.0,0.66,True,811.99
Tractor,2105.89,Off-Season,Evening,5,8.43,18.0,1.45,True,1893.34
Tractor,1952.21,Off-Season,Night,4,7.6,18.0,0.89,False,679.86
Drone,4064.46,Harvest,Night,4,12.58,18.0,0.51,True,1254.3
Harvester,4376.21,Growing,Afternoon,2,1.46,18.0,1.06,True,1347.13
Plough,1561.86,Harvest,Night,2,14.51,18.0,0.55,True,254.25
Harvester,4174.76,Planting,Night,3,1.78,18.0,1.46,True,2625.39
Drone,4907.22,Off-Season,Afternoon,5,1.98,18.0,1.37,True,3874.79
Plough,1442.94,Growing,Afternoon,4,4.75,18.0,1.32,True,1067.49
Harvester,3656.71,Harvest,Afternoon,3,9.37,18.0,1.07,True,2043.13
Drone,4865.48,Harvest,Afternoon,3,3.71,18.0,0.66,True,1786.26
Tractor,1807.92,Harvest,Evening,2,4.6,18.0,0.85,True,648.8
Harvester,3867.24,Growing,Afternoon,2,13.17,18.0,1.11,True,1095.1
Tractor,1942.34,Off-Season,Morning,3,6.49,18.0,1.19,True,914.62
Plough,1366.98,Off-Season,Morning,4,5.72,18.0,1.48,True,1081.83
Harvester,4186.79,Planting,Evening,4,2.98,18.0,0.92,True,2783.96
Tractor,1840.55,Harvest,Afternoon,2,4.88,18.0,1.44,False,967.69
Tractor,1804.59,Harvest,Evening,3,7.78,18.0,0.68,False,747.93
Drone,4151.97,Harvest,Evening,3,8.33,18.0,0.69,True,1736.83
Tractor,1881.78,Growing,Afternoon,2,5.96,18.0,0.76,True,398.96
Plough,1494.91,Off-Season,Evening,5,9.46,18.0,1.05,True,963.9
Tractor,1857.58,Harvest,Afternoon,4,1.15,18.0,0.58,False,810.6
Tractor,1918.92,Harvest,Night,3,10.44,18.0,0.96,True,852.43
Harvester,4042.7,Harvest,Evening,2,0.23,18.0,1.47,True,2606.1
Harvester,4140.82,Growing,Evening,2,10.08,18.0,1.08,True,1368.71
Harvester,3799.62,Growing,Morning,3,12.99,18.0,1.45,True,2539.72
Tractor,1861.93,Harvest,Morning,4,3.2,18.0,1.44,True,2387.32
Plough,1581.69,Growing,Evening,5,10.52,18.0,1.18,True,1416.59
Harvester,3612.32,Planting,Night,5,14.04,18.0,1.04,False,2362.23
Drone,4248.44,Off-Season,Evening,2,12.6,18.0,0.69,True,693.9
Plough,1643.1,Off-Season,Morning,2,7.47,18.0,1.24,True,535.12
Harvester,4312.05,Harvest,Evening,2,13.72,18.0,0.93,True,1532.58
Drone,4440.96,Planting,Night,2,6.58,18.0,1.5,True,1813.02
Plough,1514.06,Growing,Night,2,3.63,18.0,1.21,True,470.31
Drone,4229.34,Planting,Afternoon,4,0.75,18.0,1.41,True,3845.34
Plough,1456.79,Harvest,Morning,3,4.06,18.0,0.75,True,721.23
Harvester,3967.15,Off-Season,Morning,4,3.23,18.0,1.1,True,2385.54
Plough,1461.66,Off-Season,Evening,4,12.58,18.0,1.31,True,905.21
Plough,1629.81,Growing,Night,2,11.8,18.0,0.9,True,342.51
Drone,4278.02,Growing,Evening,4,7.82,18.0,0.57,True,1520.97
Harvester,4336.61,Planting,Afternoon,3,12.0,18.0,0.83,True,1548.54
Harvester,4332.21,Harvest,Evening,2,10.0,18.0,1.29,True,2213.8
Plough,1539.07,Off-Season,Afternoon,4,9.57,18.0,1.33,True,876.11
Tractor,2014.01,Growing,Afternoon,4,14.04,18.0,0.56,True,576.07
Drone,4313.14,Growing,Afternoon,4,8.98,18.0,0.7,True,1623.86
Tractor,1963.05,Growing,Morning,4,7.37,18.0,1.43,True,1837.35
Drone,4738.0,Planting,Morning,3,0.17,18.0,0.91,False,2510.67
Plough,1383.56,Off-Season,Morning,2,1.06,18.0,0.69,True,265.81
Plough,1614.51,Harvest,Afternoon,2,12.4,18.0,0.95,True,513.22
Harvester,3606.37,Planting,Evening,5,3.75,18.0,1.02,True,3286.97
Tractor,1942.75,Growing,Morning,4,1.15,18.0,1.37,True,1866.32
Tractor,1886.42,Planting,Night,4,14.29,18.0,0.83,True,780.76
Tractor,2002.25,Growing,Afternoon,4,3.48,18.0,0.82,False,933.43
Tractor,1831.06,Off-Season,Evening,2,7.55,18.0,0.69,True,318.79
Harvester,4141.55,Harvest,Afternoon,2,5.17,18.0,0.96,True,1448.67
Plough,1353.98,Growing,Evening,2,2.41,18.0,1.17,True,526.13
Harvester,4155.16,Growing,Night,4,7.34,18.0,0.93,True,1900.52
Plough,1608.89,Off-Season,Morning,2,10.99,18.0,1.01,True,411.64
Drone,4125.2,Planting,Night,2,6.21,18.0,1.23,True,1392.52
Drone,4159.35,Growing,Afternoon,4,1.58,18.0,0.72,True,1744.67
Harvester,4086.2,Growing,Night,3,2.5,18.0,0.74,True,1179.99
Drone,4352.11,Harvest,Morning,3,14.4,18.0,1.12,True,2870.8
Plough,1474.73,Off-Season,Afternoon,3,13.07,18.0,1.18,True,535.03
Tractor,2101.44,Harvest,Night,2,7.5,18.0,0.91,True,611.83
Drone,4618.28,Harvest,Evening,5,14.18,18.0,1.2,True,5229.34
Tractor,2173.25,Harvest,Morning,4,2.14,18.0,1.19,True,2333.37
Tractor,1956.74,Off-Season,Evening,2,10.18,18.0,1.27,False,607.19
Drone,4748.84,Planting,Evening,3,11.89,18.0,0.57,True,1332.78
Drone,4554.61,Planting,Afternoon,2,3.33,18.0,1.21,True,1735.45
Harvester,4185.05,Harvest,Night,2,8.03,18.0,1.34,True,1774.91
Harvester,4274.66,Growing,Night,4,1.91,18.0,0.79,True,1748.91
Harvester,4008.45,Off-Season,Evening,4,12.82,18.0,1.38,True,2622.37
Tractor,1830.28,Off-Season,Night,3,9.72,18.0,0.52,True,271.4
Harvester,3766.37,Planting,Afternoon,5,13.16,18.0,0.89,True,2359.91
Plough,1640.42,Harvest,Afternoon,5,8.18,18.0,1.48,True,2139.65
Harvester,4010.69,Growing,Morning,3,6.5,18.0,1.5,True,2981.2
Tractor,1928.46,Off-Season,Night,4,1.05,18.0,1.23,True,996.43
Harvester,4165.31,Off-Season,Night,5,6.96,18.0,1.22,True,2516.1
Harvester,4167.01,Growing,Morning,4,5.69,18.0,1.33,True,3704.43
Plough,1461.97,Planting,Afternoon,4,12.07,18.0,1.27,True,1061.93
Drone,4109.82,Off-Season,Afternoon,5,6.39,18.0,1.05,True,2378.85
Tractor,1940.08,Planting,Evening,5,7.77,18.0,0.64,True,1068.92
Harvester,4096.38,Growing,Afternoon,2,5.8,18.0,1.16,True,1323.31
Drone,4401.68,Planting,Morning,3,13.62,18.0,1.26,True,2795.3
Plough,1546.24,Growing,Night,5,12.79,18.0,1.04,True,932.34
Tractor,1922.76,Off-Season,Evening,2,10.75,18.0,0.77,True,359.08
Drone,4332.44,Planting,Morning,5,9.0,18.0,1.36,True,5225.75
Drone,4701.91,Harvest,Evening,4,2.82,18.0,0.58,True,2325.44
Plough,1464.84,Growing,Night,3,6.76,18.0,1.46,True,793.32
Drone,4544.41,Off-Season,Night,2,3.96,18.0,1.44,True,1334.02
Plough,1447.35,Harvest,Morning,2,12.39,18.0,0.96,True,562.03
Plough,1546.41,Planting,Night,4,3.97,18.0,1.16,True,1007.9
Harvester,4222.42,Growing,Morning,4,14.75,18.0,1.29,True,3279.23
Harvester,4198.27,Harvest,Evening,2,6.49,18.0,0.53,True,919.67
Plough,1360.1,Planting,Afternoon,2,13.33,18.0,1.32,True,506.6
Plough,1607.44,Planting,Evening,5,4.85,18.0,1.4,True,1994.79
Harvester,3860.23,Harvest,Evening,2,6.55,18.0,1.17,True,1856.35
Tractor,2099.2,Growing,Afternoon,2,8.65,18.0,0.57,True,320.89
Drone,4949.0,Off-Season,Night,4,14.0,18.0,1.3,True,2352.75
Plough,1351.72,Planting,Evening,4,3.62,18.0,0.54,True,525.39
Drone,4167.07,Planting,Night,5,13.38,18.0,1.35,True,3555.8
Plough,1354.11,Off-Season,Evening,5,9.82,18.0,0.73,True,606.54
Plough,1579.31,Off-Season,Morning,3,10.59,18.0,0.81,True,485.23
Drone,4510.47,Harvest,Night,3,8.45,18.0,1.12,True,2404.24
Harvester,4069.55,Planting,Afternoon,2,1.04,18.0,1.14,True,1487.6
Harvester,4140.9,Planting,Evening,2,5.84,18.0,0.73,True,1060.56
Tractor,2171.27,Growing,Night,3,5.57,18.0,1.12,True,913.31
Plough,1490.79,Harvest,Evening,2,14.72,18.0,1.15,True,644.55
Drone,4693.59,Off-Season,Evening,2,7.56,18.0,1.45,True,1706.49
Plough,1458.73,Planting,Evening,3,5.6,18.0,1.44,True,1111.32
Harvester,4000.29,Off-Season,Evening,2,9.66,18.0,1.47,True,1445.88
Drone,4549.22,Growing,Afternoon,2,9.54,18.0,1.1,True,1334.56
Harvester,4164.11,Planting,Evening,3,8.7,18.0,0.95,False,2028.0
Tractor,1824.24,Harvest,Evening,3,11.69,18.0,1.11,True,1182.68
Harvester,4270.52,Harvest,Night,3,10.29,18.0,1.41,True,2797.23
Harvester,4362.83,Planting,Evening,2,2.31,18.0,1.07,True,1706.05
Plough,1626.39,Harvest,Morning,3,11.11,18.0,0.59,True,593.71
Harvester,4162.11,Harvest,Afternoon,2,6.35,18.0,0.58,True,873.82
Tractor,2152.39,Off-Season,Evening,5,10.36,18.0,1.1,True,1435.79
Harvester,4380.95,Growing,Night,5,2.95,18.0,1.24,True,3492.11
Harvester,4242.11,Planting,Evening,4,3.01,18.0,0.72,True,2199.43
Drone,4592.74,Growing,Evening,2,6.98,18.0,1.35,True,1952.91
Drone,4351.75,Harvest,Morning,4,6.53,18.0,0.9,True,3354.27
Tractor,2156.76,Planting,Evening,2,1.28,18.0,0.89,True,703.67
Plough,1413.24,Harvest,Morning,3,7.12,18.0,0.56,False,503.06
Harvester,3659.86,Off-Season,Afternoon,4,2.21,18.0,1.47,True,2488.46
Drone,4920.99,Off-Season,Afternoon,5,0.13,18.0,0.66,True,1900.89
Plough,1539.17,Off-Season,Morning,2,3.49,18.0,0.63,True,264.9
Tractor,1942.13,Harvest,Night,2,4.54,18.0,1.48,True,944.11
Plough,1619.47,Planting,Evening,3,5.14,18.0,1.36,True,1173.51
Plough,1374.82,Harvest,Afternoon,3,12.44,18.0,1.21,True,835.6
Tractor,1862.39,Harvest,Night,5,8.71,18.0,1.01,True,1475.11
Plough,1537.2,Planting,Evening,5,2.61,18.0,1.38,True,1920.93
Harvester,4387.39,Harvest,Night,3,12.34,18.0,0.56,True,1109.09
Tractor,1983.37,Growing,Night,2,5.21,18.0,1.05,False,522.75
Plough,1549.26,Planting,Afternoon,3,4.71,18.0,1.04,True,745.92
Tractor,2195.78,Off-Season,Morning,2,14.11,18.0,0.52,True,275.51
Harvester,3976.69,Growing,Afternoon,2,7.39,18.0,0.98,True,1068.17
Tractor,1944.56,Harvest,Morning,4,12.0,18.0,0.62,True,981.64
Drone,4424.53,Planting,Afternoon,5,1.89,18.0,0.7,False,2452.48
Harvester,3740.39,Growing,Afternoon,4,11.04,18.0,1.01,True,1988.44
Harvester,3922.22,Harvest,Night,5,8.29,18.0,0.87,True,2707.07
Drone,4177.1,Planting,Evening,3,12.82,18.0,0.67,True,1356.16
Drone,4491.69,Growing,Afternoon,3,12.39,18.0,0.79,False,1368.23
Plough,1640.98,Planting,Night,5,5.57,18.0,1.29,True,1454.59
Plough,1631.67,Harvest,Night,5,1.31,18.0,1.06,True,1468.45
Plough,1588.78,Off-Season,Afternoon,3,14.83,18.0,0.53,True,251.61
Harvester,4016.06,Growing,Evening,5,3.75,18.0,0.76,True,2502.35
Drone,4833.6,Off-Season,Morning,3,0.8,18.0,0.88,True,1785.34
Harvester,3812.3,Off-Season,Morning,2,5.27,18.0,0.59,True,607.29
Harvester,4336.59,Planting,Morning,2,14.17,18.0,1.11,False,1608.73
Tractor,2114.33,Off-Season,Morning,2,7.02,18.0,0.97,True,537.97
Drone,4189.04,Harvest,Night,3,11.41,18.0,1.01,True,1946.22
Harvester,4348.14,Planting,Evening,3,5.97,18.0,1.33,True,3038.33
Tractor,1812.19,Off-Season,Afternoon,2,0.68,18.0,1.15,True,487.03
Drone,4653.03,Growing,Night,5,7.65,18.0,1.0,True,2855.89
Plough,1360.47,Harvest,Night,2,12.79,18.0,1.43,False,584.91
Tractor,2118.4,Growing,Evening,4,6.74,18.0,0.74,True,988.61
Plough,1567.38,Off-Season,Night,3,13.72,18.0,0.69,False,296.9
Harvester,4156.5,Off-Season,Afternoon,4,12.02,18.0,0.89,True,1539.77
Plough,1387.65,Off-Season,Evening,2,3.16,18.0,1.06,True,385.29
Harvester,4268.05,Harvest,Morning,5,5.81,18.0,0.57,True,2618.58
Plough,1598.06,Planting,Evening,3,1.31,18.0,0.78,True,691.05
Drone,4313.26,Off-Season,Morning,2,14.42,18.0,1.17,False,1220.82
Drone,4288.95,Harvest,Morning,2,9.8,18.0,0.69,True,1232.54
Drone,4607.65,Planting,Afternoon,2,13.27,18.0,1.24,True,1606.74
Harvester,3825.29,Planting,Afternoon,3,6.83,18.0,1.18,True,2043.69
Tractor,1938.75,Growing,Evening,5,14.85,18.0,0.81,True,1136.71
Drone,4121.05,Growing,Afternoon,4,12.74,18.0,0.59,False,1249.59
Harvester,4032.8,Off-Season,Afternoon,5,2.79,18.0,0.87,False,2018.17
Tractor,1824.72,Off-Season,Morning,2,3.6,18.0,1.21,True,602.84
Plough,1452.43,Growing,Afternoon,2,6.7,18.0,1.0,True,400.36
Plough,1491.29,Growing,Night,3,13.57,18.0,1.15,True,589.02
Drone,4209.47,Harvest,Night,5,12.26,18.0,1.26,True,4006.08
Plough,1352.06,Growing,Morning,5,12.97,18.0,0.75,True,780.43
Harvester,4284.91,Planting,Evening,3,13.43,18.0,1.41,True,2925.91
Plough,1557.32,Planting,Morning,2,6.6,18.0,1.23,False,696.5
Plough,1531.14,Growing,Evening,5,12.46,18.0,0.62,True,704.65
Drone,4528.31,Growing,Afternoon,3,10.23,18.0,1.45,True,2608.0
Harvester,4187.11,Growing,Afternoon,2,2.47,18.0,0.62,True,742.82
Drone,4862.17,Off-Season,Morning,5,3.27,18.0,0.52,True,1715.49
Drone,4145.27,Harvest,Evening,4,8.5,18.0,1.16,True,3870.94
Tractor,1959.81,Planting,Night,2,14.14,18.0,0.58,True,286.37
Plough,1584.0,Harvest,Morning,3,8.65,18.0,0.96,True,962.84
Plough,1644.17,Off-Season,Night,2,3.39,18.0,1.4,True,470.86
Plough,1559.91,Harvest,Morning,4,9.88,18.0,1.03,True,1335.66
Plough,1401.76,Off-Season,Afternoon,4,11.22,18.0,1.06,True,623.36
Drone,4431.19,Planting,Night,3,3.9,18.0,1.47,True,2741.89
Plough,1454.26,Planting,Evening,4,1.74,18.0,0.53,True,562.34
Tractor,1887.3,Harvest,Afternoon,2,9.21,18.0,0.75,True,494.72
Drone,4373.29,Growing,Night,2,11.18,18.0,0.58,True,594.5
Tractor,2117.57,Harvest,Morning,3,12.09,18.0,0.83,True,1064.29
Plough,1375.41,Growing,Morning,2,5.38,18.0,1.41,True,650.95
Drone,4214.41,Growing,Morning,5,12.13,18.0,1.32,True,4338.14
Plough,1487.74,Harvest,Night,2,3.06,18.0,0.52,True,257.22
Harvester,3661.25,Off-Season,Afternoon,4,7.97,18.0,0.53,True,847.1
Tractor,1963.1,Harvest,Afternoon,3,9.81,18.0,1.12,True,1139.9
Plough,1628.43,Harvest,Night,3,1.03,18.0,0.92,True,765.72
Drone,4601.52,Planting,Afternoon,4,0.66,18.0,1.19,True,3540.21
Tractor,1892.59,Harvest,Morning,4,6.05,18.0,1.33,True,2182.62
Drone,4600.65,Harvest,Night,2,13.49,18.0,1.46,True,2008.74
Drone,4725.03,Growing,Afternoon,3,10.14,18.0,1.16,True,2176.03
Plough,1468.58,Planting,Night,5,8.34,18.0,0.53,False,520.04
Drone,4190.66,Off-Season,Afternoon,3,2.52,18.0,1.38,True,1994.6
Tractor,1892.55,Growing,Afternoon,5,14.53,18.0,0.76,True,909.44
Drone,4802.85,Planting,Morning,4,14.01,18.0,1.42,True,4555.56
Tractor,2051.93,Harvest,Morning,4,1.37,18.0,0.81,True,1517.78
Harvester,4224.77,Off-Season,Morning,4,10.97,18.0,1.32,True,2821.59
Harvester,4266.34,Growing,Night,3,14.15,18.0,0.74,True,1075.27
Tractor,2107.25,Off-Season,Morning,3,3.77,18.0,1.34,True,1157.95
Drone,4512.69,Off-Season,Morning,2,13.52,18.0,0.72,True,790.42
Drone,4553.46,Planting,Night,3,0.1,18.0,1.48,False,2946.14
Drone,4405.64,Off-Season,Morning,2,3.16,18.0,1.36,True,1639.77
Drone,4446.52,Harvest,Evening,2,6.0,18.0,1.28,True,2365.5
Drone,4941.3,Growing,Afternoon,4,14.96,18.0,0.69,True,1713.39
Drone,4437.89,Planting,Night,4,14.08,18.0,0.68,True,1517.16
Tractor,1889.07,Planting,Afternoon,4,7.45,18.0,1.42,True,1607.7
Drone,4167.45,Planting,Night,5,6.27,18.0,1.26,True,3585.66
Plough,1375.24,Growing,Morning,3,5.11,18.0,1.3,True,904.27
Tractor,1863.85,Harvest,Evening,5,2.45,18.0,0.73,True,1471.12
Plough,1600.48,Growing,Night,2,4.57,18.0,0.76,True,310.02
Tractor,1911.09,Planting,Afternoon,2,6.29,18.0,0.55,True,319.97
Drone,4566.55,Harvest,Night,3,12.87,18.0,1.23,False,2536.14
Plough,1584.48,Off-Season,Night,4,4.6,18.0,0.54,True,346.93
Tractor,1959.07,Planting,Morning,4,0.09,18.0,0.56,True,856.48
Harvester,4052.86,Growing,Morning,5,13.56,18.0,0.87,True,2711.88
Plough,1365.17,Growing,Night,5,6.16,18.0,0.66,True,564.06
Harvester,3854.04,Harvest,Evening,5,12.26,18.0,1.43,True,5333.06
Plough,1485.02,Planting,Evening,2,9.4,18.0,0.79,True,395.31
Plough,1449.6,Harvest,Night,4,0.77,18.0,0.99,True,985.55
Drone,4350.96,Harvest,Night,5,10.41,18.0,1.05,True,3541.09
Plough,1412.58,Planting,Night,2,11.4,18.0,0.65,True,239.0
Plough,1430.45,Off-Season,Night,5,6.12,18.0,0.63,True,446.1
Harvester,4261.89,Harvest,Afternoon,3,5.88,18.0,1.2,True,2762.49
Harvester,4113.2,Off-Season,Evening,2,5.17,18.0,0.84,True,886.36
Tractor,1848.84,Off-Season,Evening,4,6.17,18.0,0.74,True,697.31
Tractor,2130.43,Planting,Night,2,8.18,18.0,0.61,True,345.96
Plough,1546.92,Planting,Afternoon,4,5.41,18.0,1.17,True,1112.31
Tractor,1832.49,Growing,Evening,3,6.67,18.0,1.0,True,874.35
Tractor,1867.62,Off-Season,Morning,4,9.89,18.0,1.08,True,1027.35
Drone,4310.5,Growing,Afternoon,2,11.52,18.0,0.93,True,1051.26
Plough,1535.63,Planting,Afternoon,5,8.46,18.0,1.35,True,1540.12
Tractor,2173.77,Harvest,Afternoon,4,4.18,18.0,0.63,True,1005.12
Plough,1530.96,Growing,Evening,4,12.28,18.0,0.54,True,492.2
Harvester,4393.57,Planting,Afternoon,2,9.78,18.0,1.28,True,1647.59
Harvester,4081.98,Planting,Night,5,1.54,18.0,0.63,False,1836.79
Harvester,4139.07,Planting,Afternoon,2,2.03,18.0,0.65,True,857.68
Drone,4899.54,Off-Season,Morning,2,10.24,18.0,1.08,True,1339.35
Tractor,1910.37,Off-Season,Night,2,0.28,18.0,0.96,False,390.1
Drone,4341.44,Off-Season,Morning,5,11.21,18.0,0.72,True,1961.58
Drone,4167.88,Growing,Night,3,1.83,18.0,1.2,True,1957.63
Plough,1649.07,Harvest,Evening,5,7.18,18.0,1.43,True,2411.48
Plough,1489.6,Planting,Afternoon,2,9.34,18.0,1.31,True,572.65
Drone,4484.44,Off-Season,Evening,3,6.4,18.0,1.05,True,1791.12
Harvester,3836.75,Planting,Morning,4,12.08,18.0,0.9,True,2358.75
Plough,1527.61,Harvest,Night,5,8.46,18.0,1.0,True,1206.97
Tractor,1835.95,Growing,Night,3,1.91,18.0,1.3,True,932.49
Plough,1395.21,Growing,Evening,3,10.72,18.0,0.79,True,502.88
Drone,4678.05,Growing,Afternoon,5,9.08,18.0,0.81,True,2534.11
Harvester,4091.59,Off-Season,Night,3,4.44,18.0,0.5,True,624.25
Tractor,1887.16,Harvest,Night,5,4.89,18.0,0.63,True,972.29
Harvester,3633.98,Off-Season,Evening,5,4.85,18.0,1.17,True,2733.22
Plough,1452.82,Growing,Afternoon,5,12.2,18.0,1.42,True,1339.83
Tractor,1999.59,Planting,Morning,2,1.55,18.0,0.9,True,691.46
Harvester,4223.86,Growing,Evening,4,13.37,18.0,0.51,True,1275.24
Tractor,2021.74,Harvest,Evening,3,0.19,18.0,1.04,True,1388.67
Harvester,4366.11,Off-Season,Afternoon,4,13.48,18.0,1.05,True,1877.67
Drone,4395.64,Off-Season,Evening,3,9.11,18.0,0.89,True,1445.51
Tractor,1837.99,Harvest,Afternoon,5,2.07,18.0,0.58,True,1002.69
Harvester,4381.44,Harvest,Morning,4,7.98,18.0,1.37,False,5097.42
Plough,1524.81,Harvest,Afternoon,2,4.8,18.0,0.98,True,543.59
Harvester,3991.23,Off-Season,Afternoon,5,10.23,18.0,0.82,True,1723.3
Drone,4619.16,Harvest,Morning,4,10.0,18.0,0.62,True,2370.66
Drone,4281.07,Growing,Evening,4,13.09,18.0,1.0,True,2524.29
Harvester,4095.34,Off-Season,Afternoon,2,10.11,18.0,1.27,True,1101.24
Plough,1497.62,Growing,Morning,2,12.75,18.0,0.7,True,322.06
Harvester,4370.78,Harvest,Afternoon,5,4.23,18.0,0.8,True,3202.73
Plough,1581.45,Growing,Afternoon,5,0.86,18.0,0.61,True,700.15
Drone,4539.91,Harvest,Night,3,0.72,18.0,0.8,False,1856.66
Harvester,4018.57,Harvest,Evening,4,10.34,18.0,0.75,True,2390.91
Plough,1534.09,Harvest,Evening,2,14.66,18.0,1.04,True,603.27
Drone,4854.27,Off-Season,Afternoon,4,9.61,18.0,0.97,True,2000.89
Tractor,2080.7,Planting,Morning,3,5.06,18.0,1.44,True,1663.35
Tractor,2092.96,Off-Season,Morning,5,0.85,18.0,1.27,True,1860.74
Drone,4348.22,Growing,Night,3,9.42,18.0,1.43,True,2243.99
Drone,4326.52,Off-Season,Afternoon,5,14.02,18.0,0.75,True,1647.98
Drone,4576.09,Planting,Night,4,5.18,18.0,1.32,True,3334.58
Harvester,3661.38,Planting,Afternoon,3,2.43,18.0,1.16,False,2013.81
Harvester,3961.39,Harvest,Night,3,14.12,18.0,1.37,True,2417.81
Tractor,2194.32,Harvest,Night,3,5.81,18.0,1.16,True,1240.94
Harvester,4118.59,Planting,Morning,3,6.83,18.0,0.91,True,2050.74
Drone,4171.82,Off-Season,Afternoon,2,2.27,18.0,0.98,True,940.46
Plough,1524.52,Planting,Morning,3,13.02,18.0,0.8,True,617.56
Harvester,4140.5,Harvest,Morning,5,11.02,18.0,0.71,True,3004.67
Plough,1515.71,Growing,Afternoon,3,5.45,18.0,0.6,True,379.58
Drone,4278.84,Off-Season,Morning,5,8.1,18.0,0.58,True,1612.66
Plough,1622.41,Off-Season,Night,3,2.58,18.0,1.38,True,694.29
Drone,4832.94,Harvest,Evening,4,8.94,18.0,0.58,False,2253.95
Drone,4729.62,Growing,Night,4,7.54,18.0,0.7,True,1627.28
Harvester,4233.13,Harvest,Afternoon,5,12.43,18.0,1.28,True,4561.51
Drone,4896.79,Planting,Morning,2,4.85,18.0,1.49,True,2699.37
Tractor,1957.65,Off-Season,Afternoon,5,0.6,18.0,0.91,True,1039.46
Harvester,4064.52,Off-Season,Evening,2,0.16,18.0,1.4,True,1536.49
Tractor,2114.37,Harvest,Afternoon,3,0.33,18.0,1.48,True,1797.21
Drone,4782.95,Planting,Afternoon,2,8.5,18.0,0.85,True,1209.27
Harvester,3619.29,Growing,Night,5,0.82,18.0,1.1,False,2619.62
Tractor,1953.29,Growing,Afternoon,2,13.58,18.0,1.34,True,664.95
Plough,1482.35,Planting,Afternoon,4,8.82,18.0,0.85,True,748.33
Plough,1516.41,Planting,Morning,5,14.03,18.0,0.97,True,1226.1
Harvester,3611.65,Harvest,Morning,4,14.37,18.0,1.04,True,2963.54
Plough,1416.15,Planting,Afternoon,4,7.18,18.0,0.52,True,444.5
Tractor,2129.94,Off-Season,Morning,2,11.46,18.0,1.02,True,546.6
Harvester,4133.22,Growing,Evening,4,9.38,18.0,0.51,True,1302.03
Tractor,2096.92,Growing,Afternoon,2,5.8,18.0,0.55,True,321.16
Harvester,4009.37,Off-Season,Evening,4,13.25,18.0,0.77,True,1454.82
Plough,1492.33,Growing,Evening,4,0.93,18.0,0.57,True,572.94
Drone,4559.42,Harvest,Night,5,3.03,18.0,0.76,True,2892.24
Tractor,2167.02,Planting,Night,4,0.66,18.0,0.69,True,861.66
Tractor,2058.23,Planting,Night,2,4.96,18.0,1.09,True,622.29
Plough,1485.47,Off-Season,Night,3,2.55,18.0,0.63,True,289.15
Harvester,4014.85,Off-Season,Morning,2,2.49,18.0,0.56,True,619.87
Drone,4705.91,Harvest,Night,2,2.14,18.0,0.88,True,1402.17
Harvester,3661.41,Harvest,Morning,5,2.55,18.0,0.56,True,2280.04
Tractor,2106.39,Off-Season,Afternoon,2,6.23,18.0,0.52,True,244.25
Tractor,1870.83,Off-Season,Afternoon,3,0.62,18.0,1.47,True,966.05
Tractor,2185.26,Off-Season,Afternoon,4,5.9,18.0,0.74,True,715.27
Harvester,3743.23,Off-Season,Night,4,3.12,18.0,1.09,True,1675.66
Tractor,1932.79,Planting,Night,5,1.09,18.0,0.78,True,1089.55
Harvester,4225.94,Off-Season,Night,4,4.87,18.0,1.19,False,2027.53
Harvester,4184.19,Planting,Night,5,5.99,18.0,0.91,False,2612.57
Tractor,1872.36,Harvest,Night,3,2.92,18.0,1.31,True,1233.21
Drone,4708.41,Planting,Evening,2,12.49,18.0,1.3,True,2005.31
Drone,4103.66,Growing,Night,3,13.35,18.0,1.15,True,1631.7
Plough,1552.73,Off-Season,Morning,3,7.79,18.0,1.5,True,910.17
Drone,4657.91,Growing,Morning,5,14.91,18.0,0.51,True,1792.65
Harvester,4057.43,Planting,Morning,3,13.61,18.0,1.49,True,3053.91
Plough,1456.63,Planting,Morning,5,10.96,18.0,1.2,True,1516.0
Tractor,2175.47,Off-Season,Morning,3,8.63,18.0,0.66,True,558.5
Plough,1516.04,Planting,Evening,2,3.37,18.0,0.57,True,311.15
Drone,4279.09,Harvest,Evening,4,11.7,18.0,1.06,True,3545.58
Tractor,2077.98,Growing,Morning,2,6.19,18.0,0.7,True,480.14
Plough,1389.15,Off-Season,Night,2,2.0,18.0,0.76,True,220.15
